1,"29A Gemmur Ln",Bellingham,MA,02019
2,"11 Central Bv",Bellingham,MA,02019
3,"22 Hampton Ct",Bellingham,MA,02019
4,"384 Hartford Av",Bellingham,MA,02019
5,"40 Little Tree Ln",Bellingham,MA,02019
6,"24 Candace Dr",Bellingham,MA,02019
7,"32 Taunton St",Bellingham,MA,02019
8,"5 Pine Acres Dr",Bellingham,MA,02019
9,"61 Paine St",Bellingham,MA,02019
10,"270 Hartford Av",Bellingham,MA,02019
11,"221 Ruthellen Rd",Bellingham,MA,02019
12,"3 Taunton St",Bellingham,MA,02019
13,"78 Maple St",Bellingham,MA,02019
14,"29 Susan Ln",Bellingham,MA,02019
15,"304 Maple Brook Rd",Bellingham,MA,02019
16,"846 South Main St",Bellingham,MA,02019
17,"353 Center St",Bellingham,MA,02019
18,"4 Leeds Ln",Bellingham,MA,02019
19,"7 Paul Rd",Bellingham,MA,02019
20,"1092 South Main St",Bellingham,MA,02019
21,"257-259 Center St",Bellingham,MA,02019
22,"48 Lakeshore Dr",Bellingham,MA,02019
23,"4 Clover Dr",Bellingham,MA,02019
24,"259 Center St",Bellingham,MA,02019
25,"37 Rakeville Cr",Bellingham,MA,02019
26,"40 Norfolk St",Bellingham,MA,02019
27,"1117-1119 South Main St",Bellingham,MA,02019
28,"45 Ruthellen Rd",Bellingham,MA,02019
29,"26 Susan Ln",Bellingham,MA,02019
30,"19 Pine Acres Dr",Bellingham,MA,02019
31,"12 Dorothy Av",Bellingham,MA,02019
32,"882 South Main St",Bellingham,MA,02019
33,"12 North St",Bellingham,MA,02019
34,"76 Rose Av",Bellingham,MA,02019
35,"26 Wrentham St",Bellingham,MA,02019
36,"160 Maple St",Bellingham,MA,02019
37,"40 Brisson St",Bellingham,MA,02019
38,"65 Pulaski Bv",Bellingham,MA,02019
39,"65 Caroline Dr",Bellingham,MA,02019
40,"926 South Main St",Bellingham,MA,02019
41,"3 Plymouth Rd",Bellingham,MA,02019
42,"61 Taunton St",Bellingham,MA,02019
43,"176 North Main St",Bellingham,MA,02019
44,"28 Taunton St",Bellingham,MA,02019
45,"10 William Wy",Bellingham,MA,02019
46,"351 Maple St",Bellingham,MA,02019
47,"10 Atlanta Av",Bellingham,MA,02019
48,"403 Caroline Dr",Bellingham,MA,02019
49,"3401 Maple Brook Rd",Bellingham,MA,02019
50,"63 Taunton St",Bellingham,MA,02019
